FirstName,LastName,PostalCode,TrackingNo,Address
ลามินพร,กฤเมธากิตติ,10210,,
ราธินเทพ,วรโชติอนันต์,10210,,
กิมินชัย,สิรไกรอรุณ,10210,,
รารินพร,สิรบูรณ์อรุณ,10210,,
ลาลินสิทธิ์,ภรเดชพงศ์,10210,,
มิสินภา,ภรเรือนพงศ์,10210,,
กิสินกุล,รชเมธาพงศ์,10210,,
พาลินเทพ,วรเดชศิริ,10210,,
สารินเทพ,ศรเรือนอรุณ,10210,,
วีมินสิทธิ์,ธรเดชอรุณ,10210,,
ลารัตนันท์,ศรเรือนธีรา,10210,,
ราธินพร,นภเดชอนันต์,10210,,
นาธีเทพ,ศรโชติมงคล,10210,,
ลาลินดา,ธรเรือนวิชัย,10210,,
วีลินดา,ศรเรือนพงศ์,10210,,
สาธีชัย,ชยโชติพงศ์,10210,,
กิรินสิทธิ์,พลเมธาพงศ์,10210,,
ศิมินดา,นภภัทรภาณุ,10210,,
วีมินนันท์,รชบูรณ์มงคล,10210,,
สามินกุล,ภรสิทธิ์กิจ,10210,,